City_ID,City,Country,Max Temp,Current Description,Lat,Lng,Hotel Name
6,Kapaa,US,80.92,light rain,22.0752,-159.319,Sheraton Kauai Coconut Beach Resort
7,Hithadhoo,MV,80.78,overcast clouds,-0.6,73.0833,Scoop Guest House
16,Gonaives,HT,87.78,overcast clouds,19.45,-72.6833,Vertières Doux Séjour
19,Katsuura,JP,80.71,few clouds,35.1333,140.3,Katsuura Hotel Mikazuki
26,Yellowknife,CA,83.32,few clouds,62.456,-114.3525,The Explorer Hotel
27,Cayenne,GF,87.84,scattered clouds,4.9333,-52.3333,Hôtel Le Dronmi
39,Victoria,HK,85.32,light rain,22.2855,114.1577,Mini Hotel Central
52,Bodden Town,KY,90.0,few clouds,19.2833,-81.25,Will T Place
60,Dakar,SN,87.93,few clouds,14.6937,-17.4441,Redface Studios Meublés
61,Gat,IL,87.4,clear sky,31.61,34.7642,OlusHome
84,Lakhisarai,IN,83.57,overcast clouds,25.1768,86.0932,Hotel DRS Deluxe
89,Praya,CV,82.94,few clouds,14.9215,-23.5087,LT Aparthotel
94,Bathsheba,BB,86.61,scattered clouds,13.2167,-59.5167,Atlantis Hotel
96,Guerrero Negro,MX,82.87,clear sky,27.9769,-114.0611,"Casa Laguna, Bed & Breakfast"
100,Kavieng,PG,80.96,clear sky,-2.5744,150.7967,Nusa Island Retreat
105,Pali,IN,80.08,overcast clouds,25.7667,73.3333,Seervi Hostel
112,Port Blair,IN,81.75,light rain,11.6667,92.75,"Welcomhotel By ITC Hotels, Bay Island, Port Blair"
127,Bato,PH,81.0,overcast clouds,13.3528,123.3677,Casa de Piedra
131,Sinnamary,GF,81.34,few clouds,5.3833,-52.95,ALETHEIA Appartement Sinnamary
137,Hue,VN,86.11,light rain,16.4667,107.6,Saigon Morin Hotel
146,Nishihara,JP,82.06,overcast clouds,26.1842,127.7558,Minshuku Agaihama
148,Yichang,CN,82.04,light rain,30.7144,111.2847,Gezhouba Hotel
161,Salina,US,87.03,clear sky,38.8403,-97.6114,"Holiday Inn Express & Suites Salina, an IHG Hotel"
162,Caucaia,BR,87.75,few clouds,-3.7361,-38.6531,M.O.S. Logística - Filial Fortaleza
167,Kaspiyskiy,RU,80.71,clear sky,45.3929,47.3707,"Gostinitsa ""Gostevoy Dvor"""
168,Bosaso,SO,87.55,broken clouds,11.2842,49.1816,Red Sea Hotel
174,Butaritari,KI,82.67,scattered clouds,3.0707,172.7902,Isles Sunset Lodge
177,Trairi,BR,86.11,broken clouds,-3.2778,-39.2689,janelas do mar
189,Ratnagiri,IN,80.01,overcast clouds,16.9833,73.3,Hotel Landmark
200,Balkanabat,TM,89.65,broken clouds,39.5108,54.3671,Nebitchi Hotel
201,Pierre,US,82.27,haze,44.3683,-100.351,Ramkota Hotel
213,Itoman,JP,82.78,broken clouds,26.1247,127.6694,Southern Beach Hotel & Resort Okinawa
225,Lucea,JM,89.46,clear sky,18.451,-78.1736,Grand Palladium Jamaica Resort & Spa
227,Payson,US,83.55,broken clouds,40.0444,-111.7321,Quality Inn Payson I-15
229,Mabaruma,GY,84.16,few clouds,8.2,-59.7833,Monty Brooms Guest House
232,Zhuhai,CN,85.05,few clouds,22.2769,113.5678,Nanyang Seascape Hotel Zhuhai Hotel
235,Caldas Novas,BR,84.4,broken clouds,-17.7417,-48.625,Best Western Suites Le Jardin Caldas Novas
263,Male,MV,84.15,broken clouds,4.1748,73.5089,Hotel Octave Maldives
268,Yanam,IN,86.04,broken clouds,16.7333,82.2167,The Regency Hotel
269,Jasper,US,80.46,clear sky,37.2001,-94.3502,Guest House Motel
282,Kibala,TD,82.35,few clouds,9.1104,18.3463,hotel safari
286,Matsubase,JP,81.05,overcast clouds,32.65,130.6667,Uto Center Hotel
287,Hamilton,US,81.5,few clouds,39.1834,-84.5333,Six Acres Bed & Breakfast
299,Hambantota,LK,80.33,overcast clouds,6.1241,81.1185,Bungalow 63
310,Ankara,TR,87.19,clear sky,39.9199,32.8543,Ramada by Wyndham Ankara
324,Sabzevar,IR,80.87,clear sky,36.2126,57.6819,پزشکی قانونی سبزوار
325,Yanliang,CN,81.59,few clouds,34.6592,109.2292,Pod Inn Xi'an Yanliang Renmin Road
334,Isla Mujeres,MX,89.65,clear sky,21.2311,-86.731,Hotel La Joya Isla Mujeres
335,Puerto Escondido,MX,88.63,scattered clouds,15.85,-97.0667,Aldea del Bazar Hotel and Spa
336,Kailua,US,80.58,few clouds,21.4022,-157.7394,Sheffield House Bed & Breakfast
338,Praia,CV,82.94,few clouds,14.9215,-23.5087,LT Aparthotel
340,Kloulklubed,PW,84.11,overcast clouds,7.0419,134.2556,Storyboard Beach Resort
341,Mana,GF,82.13,light rain,5.6592,-53.7767,LE SAMANA
344,Bardiyah,LY,83.28,clear sky,31.7561,25.0865,بورتو بردية
345,Serik,TR,89.85,clear sky,36.9169,31.0989,Armas Belek - Ultra All Inclusive
349,Gushikawa,JP,81.99,overcast clouds,26.3544,127.8686,Kirari Guest House
350,Krasnoarmeysk,RU,80.15,scattered clouds,51.0239,45.6969,"Hotel ""Your home-Balzer"""
364,Cozumel,MX,89.58,scattered clouds,20.5083,-86.9458,Cozumel Palace® All Inclusive Resort
367,Kutum,SD,83.98,scattered clouds,14.2,24.6667,Dibbo areaمنطقة دبو
373,Zhanaozen,KZ,89.04,clear sky,43.3,52.8,K.korabay 28A
374,Vung Tau,VN,80.8,broken clouds,10.346,107.0843,Green hotel
385,Barcelona,ES,83.35,few clouds,41.3888,2.159,Axel Hotel Barcelona
387,Owando,CG,81.7,overcast clouds,-0.4819,15.8999,Exaunel Hotel Owando
400,Boa Viagem,BR,84.52,broken clouds,-5.1275,-39.7322,Inn and Steakhouse Aconchego
424,Turiacu,BR,83.03,broken clouds,-1.6633,-45.3717,Pousada Maranata
427,Lar,IN,80.91,broken clouds,26.2039,83.9717,Ovaiskarni ward Lar
432,Asau,RO,81.52,clear sky,46.4333,26.4,Casa Mika Ciobanus
434,Portland,US,82.62,scattered clouds,45.5234,-122.6762,Embassy Suites by Hilton Portland Downtown
443,Boone,US,83.66,clear sky,39.0334,-92.3335,Cottonwoods RV Park
458,Kadoma,JP,82.38,broken clouds,34.7333,135.5833,Hotel Agora Osaka Moriguchi
462,Gigmoto,PH,81.16,overcast clouds,13.7796,124.39,Cj's Travellers Inn
469,Pochutla,MX,87.62,broken clouds,15.7432,-96.4661,Hotel Posada San Jose
479,Aksu,CN,80.83,overcast clouds,41.1231,80.2644,Pudong Holiday Hotel
480,Eyl,SO,86.36,overcast clouds,7.9803,49.8164,Amiin Hotel
489,Touros,BR,86.9,scattered clouds,-5.1989,-35.4608,INN NEW HORIZON
506,Fuzhou,CN,80.49,overcast clouds,26.0614,119.3061,Shangri La Hotel Fuzhou
509,Beatrice,US,81.86,haze,40.2681,-96.747,Victorian Inn Beatrice
511,Kijang,KR,82.13,overcast clouds,35.2442,129.2139,Samyang Beach Villa
512,Balud,PH,82.36,overcast clouds,10.1476,123.6953,Pulchra Resort
523,Ottumwa,US,81.28,haze,41.02,-92.4113,Hampton Inn Ottumwa
533,Weinan,CN,82.09,clear sky,34.5036,109.5089,Thank Inn Chain Hotel shanxi weinan linwei district jiefang road
544,Marsh Harbour,BS,85.28,clear sky,26.5412,-77.0636,Abaco Beach Resort
546,Porbandar,IN,81.91,overcast clouds,21.6422,69.6093,Lords Inn Porbandar
547,Itarema,BR,85.66,broken clouds,-2.9248,-39.9167,"Sea Lounge! Bar, Club & Restaurant"
551,Salinopolis,BR,83.34,scattered clouds,-0.6136,-47.3561,Salinas Park Resort Maçarico AP101
565,Iquitos,PE,82.44,broken clouds,-3.7481,-73.2472,Casa Morey Hotel & Restaurant
569,Wanning,CN,80.91,overcast clouds,18.8003,110.3967,Paradise Hotel
577,Umm Lajj,SA,89.33,clear sky,25.0213,37.2685,Moon light Furnished Units
580,Mindelo,CV,81.95,scattered clouds,16.8901,-24.9804,Hotel Gaudi
588,Wenling,CN,80.91,overcast clouds,28.3669,121.36,Hanting Express Wenling Wanchang North Road
598,Progreso,MX,89.71,broken clouds,21.2833,-89.6667,Playa Linda Hotel
599,Buchanan,LR,80.56,overcast clouds,5.8808,-10.0467,Kamaneahn Hotel Inc
600,Santa Maria Del Oro,MX,80.98,scattered clouds,25.9333,-105.3667,Hotel Palacio Del Sol
606,San Cristobal,VE,82.58,broken clouds,7.7669,-72.225,Posada Villaven C.A.
607,Vallenar,CL,85.82,clear sky,-28.5708,-70.7581,Humacao Bed & Breakfast
612,Malard,IR,89.78,scattered clouds,35.6659,50.9767,nano-zit
620,Capitao Poco,BR,86.81,scattered clouds,-1.7464,-47.0594,Hotel New Tokyo
626,Kuryk,KZ,86.31,clear sky,43.2,51.65,Gostinitsa Kuryk - Otel' Dlya Vsekh Kategoriy Kliyentov .
627,Acarau,BR,87.31,broken clouds,-2.8856,-40.12,castelo pizzaria
634,Lorengau,PG,81.64,few clouds,-2.0226,147.2712,Lorengau Harbourside Hotel
639,Kavaratti,IN,82.38,overcast clouds,10.5669,72.642,Hotels in Lakshadweep Islands
643,Puerto Penasco,MX,88.92,overcast clouds,31.3167,-113.5333,Playa Bonita Resort
647,Vinukonda,IN,87.1,scattered clouds,16.05,79.75,VLS Residency
653,Davila,PH,80.76,overcast clouds,18.4726,120.5763,Blue Ridge Beach Resort
655,Nicoya,CR,89.15,scattered clouds,10.1483,-85.452,Guayacan Real
657,Cortes,ES,80.6,broken clouds,41.9395,-1.4396,Rincon de bu
663,Hasilpur,PK,89.13,overcast clouds,29.7122,72.5553,"Masjid Noor, Tahir Colony, Purana Hasilpur"
667,Greeneville,US,82.22,overcast clouds,36.1632,-82.831,General Morgan Inn and Conference Center
668,Omurtag,BG,80.55,clear sky,43.1,26.4167,Zamak Inter Hotel
671,Nipawin,CA,80.64,clear sky,53.3668,-104.0009,Tobin Lake Motel
682,Pandan,PH,82.72,overcast clouds,14.0453,124.1694,Bonifacio Lodge
689,Iracoubo,GF,82.24,few clouds,5.4802,-53.2011,Le Gîte d’Iracoubo
