City_ID,City,Country,Lat,Lng,Max Temp,Humidity,Cloudiness,Wind Speed,Current Description
0,Mingaora,PK,34.7758,72.3625,73.96,88,27,3.85,scattered clouds
1,Atuona,PF,-9.8,-139.0333,76.64,72,40,14.23,scattered clouds
2,Mataura,NZ,-46.1927,168.8643,39.47,98,31,3.6,scattered clouds
3,Nikolskoye,RU,59.7035,30.7861,65.39,67,53,11.39,broken clouds
4,Maceio,BR,-9.6658,-35.7353,76.44,83,90,9.22,overcast clouds
5,Albany,US,42.6001,-73.9662,77.27,62,74,5.99,broken clouds
6,Kapaa,US,22.0752,-159.319,80.92,80,90,5.99,light rain
7,Hithadhoo,MV,-0.6,73.0833,80.78,73,100,4.85,overcast clouds
8,Ushuaia,AR,-54.8,-68.3,44.26,70,75,6.91,broken clouds
9,Codroipo,IT,45.96,12.9792,76.66,84,43,1.01,scattered clouds
10,Jiayuguan,CN,39.8167,98.3,72.81,38,99,20.31,overcast clouds
11,Haflong,IN,25.1833,93.0333,73.96,99,100,3.44,overcast clouds
12,Chebenki,RU,51.9337,55.7077,76.75,35,61,5.19,broken clouds
13,Gerash,IR,27.6652,54.1371,95.14,17,11,8.08,few clouds
14,Carnarvon,AU,-24.8667,113.6333,55.47,60,22,10.36,few clouds
15,Idrinskoye,RU,54.3708,92.1358,57.09,80,31,2.59,scattered clouds
16,Gonaives,HT,19.45,-72.6833,87.78,51,98,7.4,overcast clouds
17,Clyde River,CA,70.4692,-68.5914,43.03,87,90,13.8,overcast clouds
18,Arraial Do Cabo,BR,-22.9661,-42.0278,75.16,64,20,12.66,few clouds
19,Katsuura,JP,35.1333,140.3,80.71,88,21,7.54,few clouds
20,Monchegorsk,RU,67.9397,32.8739,63.03,76,87,7.74,overcast clouds
21,Vaini,TO,-21.2,-175.2,69.96,83,20,21.85,light rain
22,Dingle,PH,10.9995,122.6711,77.68,86,100,9.19,overcast clouds
23,Adwa,ET,14.1646,38.8955,64.44,85,55,3.62,broken clouds
24,Ribeira Grande,PT,38.5167,-28.7,73.8,88,75,18.41,broken clouds
25,Hilo,US,19.7297,-155.09,75.61,90,90,3.44,light rain
26,Yellowknife,CA,62.456,-114.3525,83.32,36,20,3.0,few clouds
27,Cayenne,GF,4.9333,-52.3333,87.84,76,40,4.0,scattered clouds
28,Salym,RU,60.0625,71.4789,61.27,98,100,5.06,light rain
29,Punta Arenas,CL,-53.15,-70.9167,44.71,76,75,17.27,broken clouds
30,Harbin,CN,45.75,126.65,67.95,89,100,7.27,light rain
31,Dikson,RU,73.5069,80.5464,39.36,98,100,4.56,light rain
32,New Norfolk,AU,-42.7826,147.0587,37.71,87,15,2.06,few clouds
33,Bambous Virieux,MU,-20.3428,57.7575,71.85,68,75,17.27,light rain
34,Longyearbyen,SJ,78.2186,15.6401,48.04,66,75,12.66,broken clouds
35,Nanortalik,GL,60.1432,-45.2371,53.1,68,98,18.95,overcast clouds
36,Sheltozero,RU,61.3667,35.3667,60.21,93,100,8.08,overcast clouds
37,East London,ZA,-33.0153,27.9116,58.14,88,0,11.5,clear sky
38,Kununurra,AU,-15.7667,128.7333,69.78,83,20,2.3,few clouds
39,Victoria,HK,22.2855,114.1577,85.32,88,100,1.01,light rain
40,Jamestown,US,42.097,-79.2353,65.79,93,90,1.01,mist
41,Kupang,ID,-10.1667,123.5833,75.0,85,42,8.41,scattered clouds
42,Jaca,ES,42.569,-0.5499,75.02,50,86,6.42,overcast clouds
43,Svetlogorsk,BY,52.6333,29.7333,73.67,67,75,2.86,broken clouds
44,Lebu,CL,-37.6167,-73.65,55.17,64,4,16.75,clear sky
45,Lamar,US,33.6668,-95.5836,93.88,61,40,9.22,scattered clouds
46,Puerto Ayora,EC,-0.7393,-90.3518,76.96,90,71,8.99,broken clouds
47,Sesheke,ZM,-17.4759,24.2968,63.36,39,3,5.55,clear sky
48,Birao,CF,10.2849,22.7882,72.01,93,53,7.34,broken clouds
49,Hermanus,ZA,-34.4187,19.2345,57.9,81,42,8.61,scattered clouds
50,Barrow,US,71.2906,-156.7887,51.82,85,90,20.71,overcast clouds
51,Saskylakh,RU,71.9167,114.0833,67.28,45,0,7.14,clear sky
52,Bodden Town,KY,19.2833,-81.25,90.0,66,20,11.5,few clouds
53,Moree,AU,-29.4667,149.85,50.02,81,8,4.61,clear sky
54,Port Elizabeth,ZA,-33.918,25.5701,59.29,82,0,29.93,clear sky
55,Port Alfred,ZA,-33.5906,26.891,62.11,70,47,24.9,scattered clouds
56,Mar Del Plata,AR,-38.0023,-57.5575,51.82,29,0,4.0,clear sky
57,Hobart,AU,-42.8794,147.3294,39.06,85,7,1.01,clear sky
58,Bluff,NZ,-46.6,168.3333,39.79,90,15,8.77,few clouds
59,Arrifes,PT,37.7667,-25.7,73.65,83,75,19.57,broken clouds
60,Dakar,SN,14.6937,-17.4441,87.93,66,20,4.61,few clouds
61,Gat,IL,31.61,34.7642,87.4,53,0,5.28,clear sky
62,Qaanaaq,GL,77.484,-69.3632,43.48,78,84,1.25,broken clouds
63,Bondo,CD,3.8146,23.6866,71.06,88,100,0.83,overcast clouds
64,Arona,ES,28.0996,-16.681,72.12,58,20,7.0,few clouds
65,Saldanha,ZA,-33.0117,17.9442,55.45,91,45,9.69,scattered clouds
66,Richards Bay,ZA,-28.783,32.0377,64.49,80,71,6.08,broken clouds
67,Georgetown,MY,5.4112,100.3354,77.9,92,40,1.01,scattered clouds
68,Avarua,CK,-21.2078,-159.775,77.05,78,75,17.27,broken clouds
69,Conneaut,US,41.9476,-80.5542,73.2,82,71,9.37,broken clouds
70,Cape Town,ZA,-33.9258,18.4232,59.09,71,20,1.01,few clouds
71,Tasiilaq,GL,65.6145,-37.6368,57.36,80,7,5.75,clear sky
72,Bezhetsk,RU,57.7851,36.6965,63.54,91,69,7.76,broken clouds
73,Saint-Philippe,RE,-21.3585,55.7679,67.59,75,33,12.48,scattered clouds
74,Kaitangata,NZ,-46.2817,169.8464,43.43,96,47,4.92,scattered clouds
75,Tabuk,PH,17.4189,121.4443,77.4,83,100,2.95,light rain
76,Lompoc,US,34.6391,-120.4579,72.93,75,1,3.44,clear sky
77,Khatanga,RU,71.9667,102.5,62.65,74,85,8.03,overcast clouds
78,Tuktoyaktuk,CA,69.4541,-133.0374,69.8,60,75,16.11,broken clouds
79,Coquimbo,CL,-29.9533,-71.3436,60.53,72,0,9.22,clear sky
80,Busselton,AU,-33.65,115.3333,44.1,75,77,7.99,broken clouds
81,Posadas,AR,-27.3671,-55.8961,71.58,49,0,5.75,clear sky
82,Boajibu,SL,8.1833,-11.3333,74.39,98,99,3.96,moderate rain
83,Sioux Lookout,CA,50.1001,-91.917,70.18,56,75,11.5,broken clouds
84,Lakhisarai,IN,25.1768,86.0932,83.57,81,100,7.63,overcast clouds
85,Finschhafen,PG,-6.6024,147.8681,78.04,83,88,7.83,overcast clouds
86,Pevek,RU,69.7008,170.3133,32.9,97,100,12.44,overcast clouds
87,Peniche,PT,39.3558,-9.3811,74.68,87,84,10.94,broken clouds
88,San Carlos De Bariloche,AR,-41.1456,-71.3082,51.44,42,40,3.44,scattered clouds
89,Praya,CV,14.9215,-23.5087,82.94,57,20,4.61,few clouds
90,Ayan,RU,56.45,138.1667,59.05,74,98,5.14,overcast clouds
91,Kualakapuas,ID,-3.0091,114.3876,75.36,93,60,1.57,broken clouds
92,Meulaboh,ID,4.1363,96.1285,75.04,93,100,6.04,overcast clouds
93,Qandala,SO,11.472,49.8728,87.98,55,41,3.67,scattered clouds
94,Bathsheba,BB,13.2167,-59.5167,86.61,70,40,13.8,scattered clouds
95,Port Hedland,AU,-20.3167,118.5667,60.85,55,0,11.5,clear sky
96,Guerrero Negro,MX,27.9769,-114.0611,82.87,54,1,7.47,clear sky
97,Salalah,OM,17.0151,54.0924,77.09,100,90,6.91,overcast clouds
98,Ogaminana,NG,7.5946,6.2248,74.82,84,94,4.29,light rain
99,Norman Wells,CA,65.282,-126.8329,71.64,49,1,5.75,clear sky
100,Kavieng,PG,-2.5744,150.7967,80.96,75,10,8.16,clear sky
101,Alofi,NU,-19.0595,-169.9187,75.09,88,63,14.97,broken clouds
102,Sinop,TR,41.7711,34.8709,72.03,83,0,2.55,clear sky
103,Mahebourg,MU,-20.4081,57.7,71.89,68,75,17.27,light rain
104,Sahbuz,AZ,39.4072,45.5739,64.0,65,88,3.94,overcast clouds
105,Pali,IN,25.7667,73.3333,80.08,82,100,12.8,overcast clouds
106,Bredasdorp,ZA,-34.5322,20.0403,58.32,67,66,14.97,broken clouds
107,Kruisfontein,ZA,-34.0033,24.7314,55.89,85,50,20.94,scattered clouds
108,Severo-Kurilsk,RU,50.6789,156.125,51.28,80,0,16.33,clear sky
109,Den Helder,NL,52.9599,4.7593,64.98,70,75,10.36,broken clouds
110,Belaya Gora,RU,68.5333,146.4167,37.35,78,9,5.26,clear sky
111,Tiksi,RU,71.6872,128.8694,44.62,79,4,6.76,clear sky
112,Port Blair,IN,11.6667,92.75,81.75,83,100,18.9,light rain
113,Alice Springs,AU,-23.7,133.8833,65.75,39,86,10.36,overcast clouds
114,Bossangoa,CF,6.4926,17.4552,70.81,95,74,3.33,broken clouds
115,Bay Roberts,CA,47.5999,-53.2648,73.65,59,72,11.99,broken clouds
116,Mezen,RU,65.8522,44.24,49.82,76,7,5.21,clear sky
117,Chokurdakh,RU,70.6333,147.9167,32.25,81,6,5.32,clear sky
118,Gaoual,GN,11.75,-13.2,76.24,93,95,4.9,light rain
119,Sarny,UA,51.338,26.6019,73.15,65,55,5.66,broken clouds
120,Olafsvik,IS,64.8945,-23.7142,53.71,92,100,1.97,overcast clouds
121,Roald,NO,62.5833,6.1333,58.15,62,75,10.36,broken clouds
122,Batagay,RU,67.6333,134.6333,47.37,71,0,1.79,clear sky
123,Lata,PT,40.1629,-8.3327,73.35,70,96,6.51,overcast clouds
124,Pringsewu,ID,-5.3582,104.9744,73.29,97,35,3.98,scattered clouds
125,Ixtapa,MX,20.7,-105.2,91.22,62,40,4.61,scattered clouds
126,Roshchino,RU,60.2519,29.6085,64.74,93,36,10.49,scattered clouds
127,Bato,PH,13.3528,123.3677,81.0,82,100,10.67,overcast clouds
128,Ust-Nera,RU,64.5667,143.2,43.18,85,1,5.08,clear sky
129,Ahipara,NZ,-35.1667,173.1667,55.17,87,26,9.33,scattered clouds
130,Nuuk,GL,64.1835,-51.7216,61.41,48,75,13.8,broken clouds
131,Sinnamary,GF,5.3833,-52.95,81.34,77,19,9.55,few clouds
132,Esperance,AU,-33.8667,121.9,49.84,58,79,27.51,broken clouds
133,Klaksvik,FO,62.2266,-6.589,49.12,78,70,13.27,broken clouds
134,Tiznit,MA,29.5833,-9.5,80.13,36,0,7.54,clear sky
135,Eldorado,BR,-23.7869,-54.2836,70.09,59,97,4.23,overcast clouds
136,Indramayu,ID,-6.3264,108.32,79.03,72,9,10.38,clear sky
137,Hue,VN,16.4667,107.6,86.11,66,20,2.3,light rain
138,Rock Falls,US,41.7798,-89.689,79.2,58,1,3.44,clear sky
139,Vila Franca Do Campo,PT,37.7167,-25.4333,75.61,77,5,10.16,clear sky
140,Porto Velho,BR,-8.7619,-63.9039,93.25,24,0,11.5,clear sky
141,Bubaque,GW,11.2833,-15.8333,79.11,83,96,14.52,light rain
142,Lagoa,PT,39.05,-27.9833,72.14,93,21,17.29,few clouds
143,Beyneu,KZ,45.3167,55.2,93.49,12,1,8.01,clear sky
144,Senanga,ZM,-16.1167,23.2667,65.3,34,0,6.51,clear sky
145,Narsaq,GL,60.9167,-46.05,59.22,71,100,3.78,light rain
146,Nishihara,JP,26.1842,127.7558,82.06,94,90,14.97,overcast clouds
147,Leningradskiy,RU,69.3833,178.4167,35.58,96,100,15.5,light rain
148,Yichang,CN,30.7144,111.2847,82.04,75,0,2.91,light rain
149,Geraldton,AU,-28.7667,114.6,46.81,93,90,8.05,overcast clouds
150,Luderitz,NA,-26.6481,15.1594,68.4,35,0,11.5,clear sky
151,Sao Joao Da Barra,BR,-21.6403,-41.0511,71.69,55,85,10.45,overcast clouds
152,Vila Velha,BR,-20.3297,-40.2925,72.97,62,40,11.5,scattered clouds
153,Yasnogorsk,RU,54.4803,37.6975,69.12,72,74,2.71,broken clouds
154,Kaeo,NZ,-35.1,173.7833,49.32,92,11,5.06,few clouds
155,Channarayapatna,IN,12.9044,76.3917,69.08,84,78,11.72,broken clouds
156,Rabo De Peixe,PT,37.8,-25.5833,74.71,83,75,19.57,broken clouds
157,Ingham,US,42.6,-84.3833,73.18,69,75,8.05,haze
158,Xiuyan,CN,40.2928,123.2744,71.15,93,100,2.44,overcast clouds
159,Cidreira,BR,-30.1811,-50.2056,60.51,72,10,8.39,clear sky
160,Quatre Cocos,MU,-20.2078,57.7625,71.71,75,50,17.56,light rain
161,Salina,US,38.8403,-97.6114,87.03,37,1,4.0,clear sky
162,Caucaia,BR,-3.7361,-38.6531,87.75,63,20,16.11,few clouds
163,Mizusawa,JP,39.1333,141.1333,72.3,98,39,2.17,scattered clouds
164,Bereda,ES,43.2686,-7.5406,67.41,81,72,5.64,light rain
165,Faanui,PF,-16.4833,-151.75,77.56,67,76,14.36,broken clouds
166,Redmond,US,47.674,-122.1215,78.3,73,100,1.01,overcast clouds
167,Kaspiyskiy,RU,45.3929,47.3707,80.71,62,0,7.83,clear sky
168,Bosaso,SO,11.2842,49.1816,87.55,53,60,0.81,broken clouds
169,Roseburg,US,43.2165,-123.3417,90.09,55,1,0.0,clear sky
170,Groa,NO,62.65,8.7167,51.89,85,97,7.43,overcast clouds
171,San Quintin,MX,30.4833,-115.95,78.35,61,2,11.79,clear sky
172,Kutulik,RU,53.3508,102.7839,55.04,97,100,11.92,light rain
173,Tambacounda,SN,13.7539,-13.7586,89.65,62,75,8.05,broken clouds
174,Butaritari,KI,3.0707,172.7902,82.67,69,48,8.81,scattered clouds
175,Ulaangom,MN,49.9811,92.0667,61.12,50,99,4.32,overcast clouds
176,Sterling,US,39.0062,-77.4286,79.52,88,90,5.01,mist
177,Trairi,BR,-3.2778,-39.2689,86.11,53,81,14.36,broken clouds
178,Kozhva,RU,65.1073,57.0459,55.72,97,63,4.81,broken clouds
179,Havre-Saint-Pierre,CA,50.2334,-63.5986,62.96,77,1,19.57,clear sky
180,Nouadhibou,MR,20.931,-17.0347,76.98,69,0,13.8,clear sky
181,Thompson,CA,55.7435,-97.8558,77.16,44,40,10.36,scattered clouds
182,Castro,BR,-24.7911,-50.0119,49.24,85,100,3.42,overcast clouds
183,Pisco,PE,-13.7,-76.2167,67.01,77,90,8.05,haze
184,Ponta Do Sol,PT,32.6667,-17.1,78.71,72,26,4.14,scattered clouds
185,Panguna,PG,-6.3164,155.4848,67.15,95,81,1.43,broken clouds
186,Sao Felix Do Xingu,BR,-6.6447,-51.995,98.15,21,81,6.76,broken clouds
187,A Coruna,ES,43.3713,-8.396,67.57,88,75,8.99,broken clouds
188,Cherskiy,RU,68.75,161.3,34.86,86,68,16.26,broken clouds
189,Ratnagiri,IN,16.9833,73.3,80.01,84,100,15.77,overcast clouds
190,Yulara,AU,-25.2406,130.9889,58.84,38,0,9.22,clear sky
191,Buraydah,SA,26.326,43.975,100.85,9,17,8.39,few clouds
192,Acari,PE,-15.4311,-74.6158,76.14,48,43,7.72,scattered clouds
193,Sarankhola,BD,22.3082,89.7897,79.11,95,100,3.96,overcast clouds
194,Coihaique,CL,-45.5752,-72.0662,52.41,62,90,10.36,overcast clouds
195,Atemar,RU,54.181,45.4091,69.33,69,100,2.19,overcast clouds
196,Maniitsoq,GL,65.4167,-52.9,50.2,77,19,3.18,few clouds
197,Grand Gaube,MU,-20.0064,57.6608,72.0,77,28,7.0,light rain
198,Cradock,ZA,-32.1642,25.6192,57.38,19,80,5.17,broken clouds
199,Eureka,US,40.8021,-124.1637,63.79,73,55,8.48,broken clouds
200,Balkanabat,TM,39.5108,54.3671,89.65,13,73,2.24,broken clouds
201,Pierre,US,44.3683,-100.351,82.27,52,1,4.0,haze
202,Pontianak,ID,-0.0333,109.3333,76.98,94,90,2.3,overcast clouds
203,Iguai,BR,-14.7564,-40.0892,70.9,59,99,8.46,overcast clouds
204,Umm Kaddadah,SD,13.6017,26.6876,92.46,34,40,9.35,scattered clouds
205,Baiyin,CN,36.5583,104.2081,79.68,34,22,5.17,few clouds
206,La Sarre,CA,48.8002,-79.1996,66.24,42,45,10.11,scattered clouds
207,Santa Rita Do Passa Quatro,BR,-21.7103,-47.4781,73.4,30,15,4.23,few clouds
208,Port Keats,AU,-14.25,129.55,74.12,86,98,1.66,overcast clouds
209,Las Palmas,ES,28.4204,-14.0131,72.39,69,20,21.85,few clouds
210,Swellendam,ZA,-34.0226,20.4417,57.58,88,44,1.19,scattered clouds
211,Boa Vista,BR,2.8197,-60.6733,75.18,88,75,9.22,light rain
212,Pervomayskoye,RU,43.919,46.7102,76.19,60,17,10.18,few clouds
213,Itoman,JP,26.1247,127.6694,82.78,92,75,17.27,broken clouds
214,Haines Junction,CA,60.7522,-137.5108,60.75,59,76,4.61,broken clouds
215,Luanda,AO,-8.8368,13.2343,71.87,86,2,13.44,clear sky
216,Iqaluit,CA,63.7506,-68.5145,55.13,71,90,5.75,overcast clouds
217,Chuy,UY,-33.6971,-53.4616,57.54,73,11,5.64,few clouds
218,Devils Lake,US,48.1128,-98.8651,75.31,38,1,5.75,clear sky
219,Kamskoye Ustye,RU,55.2016,49.268,73.4,65,99,3.24,overcast clouds
220,Kuytun,RU,54.3419,101.5036,54.79,96,100,10.96,light rain
221,Arica,CL,-18.475,-70.3042,67.55,63,90,10.36,overcast clouds
222,Jalu,LY,29.0331,21.5482,98.01,10,2,8.77,clear sky
223,Saint Anthony,US,45.0205,-93.218,79.25,42,75,8.99,broken clouds
224,Halifax,CA,44.6453,-63.5724,77.41,59,23,3.0,few clouds
225,Lucea,JM,18.451,-78.1736,89.46,73,6,16.17,clear sky
226,Mubi,NG,10.2676,13.2644,73.63,88,99,2.84,light rain
227,Payson,US,40.0444,-111.7321,83.55,57,75,1.01,broken clouds
228,Pangnirtung,CA,66.1451,-65.7125,48.2,87,90,8.05,overcast clouds
229,Mabaruma,GY,8.2,-59.7833,84.16,79,13,4.07,few clouds
230,Mama,RU,58.3106,112.8986,56.95,72,100,6.46,overcast clouds
231,Iranshahr,IR,27.2025,60.6848,102.54,29,40,16.11,scattered clouds
232,Zhuhai,CN,22.2769,113.5678,85.05,89,20,1.14,few clouds
233,Alta Floresta,BR,-9.8756,-56.0861,96.62,28,20,11.5,few clouds
234,Gizo,SB,-8.103,156.8419,79.68,82,63,12.75,moderate rain
235,Caldas Novas,BR,-17.7417,-48.625,84.4,27,69,5.79,broken clouds
236,Martapura,ID,-3.4167,114.85,75.29,100,48,1.14,scattered clouds
237,Do Gonbadan,IR,30.3586,50.7981,93.29,21,0,9.22,clear sky
238,Dauphin,CA,51.1494,-100.0502,75.34,53,1,3.44,clear sky
239,Honiara,SB,-9.4333,159.95,75.42,87,100,4.74,overcast clouds
240,Beringovskiy,RU,63.05,179.3167,45.16,76,70,7.76,broken clouds
241,Labuhan,ID,-6.8844,112.2051,77.63,75,8,9.13,clear sky
242,Mmabatho,ZA,-25.85,25.6333,62.56,23,0,2.3,clear sky
243,Torbay,CA,47.6666,-52.7314,72.88,61,20,23.02,few clouds
244,Ilulissat,GL,69.2167,-51.1,59.02,38,0,4.61,clear sky
245,Waddan,LY,29.1614,16.139,97.32,9,0,11.5,clear sky
246,Antalaha,MG,-14.9003,50.2788,67.69,91,100,8.61,light rain
247,Sakakah,SA,29.9697,40.2064,99.97,11,0,11.79,clear sky
248,Fort Nelson,CA,58.8053,-122.7002,72.99,56,1,3.44,clear sky
249,Fairbanks,US,64.8378,-147.7164,67.08,74,90,6.91,overcast clouds
250,Bucerias,MX,20.75,-105.3333,91.98,62,40,4.61,scattered clouds
251,Labytnangi,RU,66.6572,66.4183,56.43,99,100,5.28,light rain
252,Soyo,AO,-6.1349,12.3689,73.36,81,10,10.31,clear sky
253,Divnomorskoye,RU,44.5011,38.1353,78.04,59,4,8.63,clear sky
254,Lithgow,AU,-33.4833,150.15,34.83,88,2,0.69,clear sky
255,Sur,OM,22.5667,59.5289,92.34,51,93,16.02,overcast clouds
256,Prince Rupert,CA,54.3161,-130.3201,57.29,97,90,2.3,mist
257,Awash,ET,8.9833,40.1667,79.39,53,73,7.23,broken clouds
258,Sao Filipe,CV,14.8961,-24.4956,75.7,78,42,5.99,scattered clouds
259,Bandarbeyla,SO,9.4942,50.8122,78.73,76,49,27.87,scattered clouds
260,Flinders,AU,-34.5833,150.8552,48.2,91,33,4.56,scattered clouds
261,Codrington,AU,-38.2667,141.9667,43.3,91,25,12.55,scattered clouds
262,Chapais,CA,49.7834,-74.8492,64.18,59,86,8.03,overcast clouds
263,Male,MV,4.1748,73.5089,84.15,79,75,9.22,broken clouds
264,Okhotsk,RU,59.3833,143.3,58.84,52,0,15.52,clear sky
265,Concarneau,FR,47.875,-3.9225,66.06,73,42,11.21,scattered clouds
266,Broome,US,42.2506,-75.833,79.47,58,40,3.0,scattered clouds
267,Khandbari,NP,27.3747,87.2039,74.28,91,80,1.57,moderate rain
268,Yanam,IN,16.7333,82.2167,86.04,60,62,6.24,broken clouds
269,Jasper,US,37.2001,-94.3502,80.46,77,1,1.01,clear sky
270,Bengkulu,ID,-3.8004,102.2655,74.82,91,87,3.87,light rain
271,Provideniya,RU,64.3833,-173.3,42.19,77,100,14.54,overcast clouds
272,Bethel,US,41.3712,-73.414,78.1,72,20,9.22,few clouds
273,Aberdeen,GB,57.1437,-2.0981,56.53,74,90,9.22,overcast clouds
274,Campo Maior,BR,-4.8278,-42.1686,97.88,21,80,9.42,broken clouds
275,Upernavik,GL,72.7868,-56.1549,45.64,71,87,12.12,overcast clouds
276,Benicarlo,ES,40.4165,0.4271,78.24,48,47,9.37,scattered clouds
277,Vardo,NO,70.3705,31.1107,55.6,93,0,6.91,clear sky
278,Svetlaya,RU,46.5389,138.3297,61.95,92,98,11.97,overcast clouds
279,Taltal,CL,-25.4,-70.4833,63.41,69,20,4.63,few clouds
280,Tazovskiy,RU,67.4667,78.7,52.9,72,99,9.71,overcast clouds
281,Montepuez,MZ,-13.1256,38.9997,71.11,49,89,7.63,overcast clouds
282,Kibala,TD,9.1104,18.3463,82.35,78,20,0.0,few clouds
283,Yar-Sale,RU,66.8333,70.8333,56.05,86,100,15.95,light rain
284,Nahrin,AF,36.0649,69.1334,73.71,27,0,2.64,clear sky
285,Campestre,BR,-21.7111,-46.2464,71.94,37,52,1.9,broken clouds
286,Matsubase,JP,32.65,130.6667,81.05,91,97,2.21,overcast clouds
287,Hamilton,US,39.1834,-84.5333,81.5,63,20,4.0,few clouds
288,Kudymkar,RU,59.0173,54.656,57.51,94,70,5.82,broken clouds
289,Comodoro Rivadavia,AR,-45.8667,-67.5,62.46,20,0,25.32,clear sky
290,Oksbol,DK,55.6268,8.2876,61.83,68,37,17.76,scattered clouds
291,Airai,TL,-8.9266,125.4092,55.96,85,80,2.66,broken clouds
292,Jumla,NP,29.2747,82.1838,64.18,93,90,2.15,overcast clouds
293,Asfi,MA,32.2994,-9.2372,71.62,60,49,24.67,scattered clouds
294,Sola,VU,-13.8833,167.55,74.64,66,91,12.35,overcast clouds
295,Isangel,VU,-19.55,169.2667,67.03,71,63,13.38,broken clouds
296,Kyshtovka,RU,56.555,76.6271,62.02,72,82,6.17,broken clouds
297,Mildura,AU,-34.2,142.15,44.56,87,40,8.05,scattered clouds
298,Adrar,MR,20.5022,-10.0711,105.46,16,60,2.51,broken clouds
299,Hambantota,LK,6.1241,81.1185,80.33,80,100,16.75,overcast clouds
300,Ogre,LV,56.8162,24.614,69.53,76,89,5.93,overcast clouds
301,Zhigansk,RU,66.7697,123.3711,62.08,66,49,10.54,scattered clouds
302,Ancud,CL,-41.8697,-73.8203,51.33,59,38,3.98,scattered clouds
303,Tuatapere,NZ,-46.1333,167.6833,39.81,94,23,6.06,light rain
304,Saint George,US,37.1041,-113.5841,91.63,41,1,4.0,clear sky
305,Baykit,RU,61.67,96.37,60.4,85,100,2.84,overcast clouds
306,Tres Arroyos,AR,-38.3739,-60.2798,54.45,32,47,5.66,scattered clouds
307,Abha,SA,18.2164,42.5053,68.25,83,40,6.91,scattered clouds
308,Rio Gallegos,AR,-51.6226,-69.2181,51.85,58,0,13.8,clear sky
309,Kenai,US,60.5544,-151.2583,63.09,78,1,3.44,clear sky
310,Ankara,TR,39.9199,32.8543,87.19,21,0,10.36,clear sky
311,Wattegama,LK,6.7989,81.4808,79.74,69,100,6.2,overcast clouds
312,Berlevag,NO,70.8578,29.0864,50.0,96,100,8.66,overcast clouds
313,Gualeguay,AR,-33.1416,-59.3097,61.57,46,0,3.89,clear sky
314,Ranong,TH,9.9658,98.6348,79.61,87,100,14.09,overcast clouds
315,Susa,TN,35.8254,10.637,95.52,70,0,23.02,clear sky
316,Faya,SA,18.3851,42.4509,68.52,70,95,4.7,overcast clouds
317,Padang,ID,-0.9492,100.3543,75.56,89,93,2.77,moderate rain
318,Zyukayka,RU,58.2025,54.7003,59.92,83,69,5.73,broken clouds
319,Vestmannaeyjar,IS,63.4427,-20.2734,52.79,100,90,9.22,mist
320,Dunda,TZ,-8.1167,34.25,66.25,52,83,4.99,broken clouds
321,Lishui,CN,28.4604,119.9103,75.7,98,99,0.13,overcast clouds
322,Santa Maria,BR,-29.6842,-53.8069,65.5,55,0,3.44,clear sky
323,Salisbury,GB,51.0693,-1.7957,69.42,77,40,6.91,scattered clouds
324,Sabzevar,IR,36.2126,57.6819,80.87,12,7,22.5,clear sky
325,Yanliang,CN,34.6592,109.2292,81.59,41,13,10.38,few clouds
326,Altay,CN,47.8667,88.1167,61.5,44,56,5.37,broken clouds
327,Quesnel,CA,52.9999,-122.5029,64.9,82,90,3.44,haze
328,Camacha,PT,33.0833,-16.3333,72.36,64,20,16.11,few clouds
329,Bentiu,SS,9.2333,29.8333,72.5,94,98,1.72,light rain
330,Oranjemund,NA,-28.55,16.4333,59.54,65,4,10.36,clear sky
331,Jacareacanga,BR,-6.2222,-57.7528,99.9,20,16,4.32,few clouds
332,Mareeba,AU,-17.0,145.4333,63.32,93,34,2.8,scattered clouds
333,Nabire,ID,-3.3667,135.4833,75.74,91,98,3.8,overcast clouds
334,Isla Mujeres,MX,21.2311,-86.731,89.65,65,3,9.95,clear sky
335,Puerto Escondido,MX,15.85,-97.0667,88.63,62,40,5.75,scattered clouds
336,Kailua,US,21.4022,-157.7394,80.58,69,20,11.5,few clouds
337,Nakhon Phanom,TH,17.3333,104.4167,75.4,94,100,4.34,overcast clouds
338,Praia,CV,14.9215,-23.5087,82.94,57,20,4.61,few clouds
339,Sharjah,AE,25.3573,55.4033,98.58,44,0,3.44,clear sky
340,Kloulklubed,PW,7.0419,134.2556,84.11,76,100,13.91,overcast clouds
341,Mana,GF,5.6592,-53.7767,82.13,76,24,9.73,light rain
342,Bar Harbor,US,44.3876,-68.2039,78.53,49,1,11.99,clear sky
343,Zvenyhorodka,UA,49.0787,30.9675,76.77,62,42,4.12,scattered clouds
344,Bardiyah,LY,31.7561,25.0865,83.28,66,0,14.16,clear sky
345,Serik,TR,36.9169,31.0989,89.85,44,0,7.34,clear sky
346,Ulaanbaatar,MN,47.9077,106.8832,66.33,39,20,11.18,few clouds
347,Kodiak,US,57.79,-152.4072,53.11,94,90,6.91,mist
348,Cuiluan,CN,47.72,128.648,70.2,99,100,1.57,overcast clouds
349,Gushikawa,JP,26.3544,127.8686,81.99,88,90,10.36,overcast clouds
350,Krasnoarmeysk,RU,51.0239,45.6969,80.15,52,48,5.64,scattered clouds
351,Shingu,JP,33.7333,135.9833,79.92,90,70,2.95,broken clouds
352,Rahatgarh,IN,23.7833,78.3667,72.55,90,100,19.69,moderate rain
353,Jiuquan,CN,39.7432,98.5174,75.69,35,97,19.95,overcast clouds
354,Togur,RU,58.3631,82.8265,50.38,92,15,2.71,few clouds
355,Rocha,UY,-34.4833,-54.3333,56.75,67,1,6.08,clear sky
356,Kidal,ML,18.4411,1.4078,98.92,27,43,10.36,scattered clouds
357,Cambridge,CA,43.3601,-80.3127,69.22,81,90,1.99,overcast clouds
358,Baherden,TM,38.4362,57.4316,84.74,11,85,3.15,overcast clouds
359,Rio Cuarto,AR,-33.1307,-64.3499,64.17,24,0,9.22,clear sky
360,Xixiang,CN,35.1628,112.865,77.05,85,5,0.47,light rain
361,Tucuman,AR,-26.8241,-65.2226,68.0,26,0,4.61,clear sky
362,Vuktyl,RU,63.8567,57.3094,56.7,95,73,5.53,broken clouds
363,Lesozavodsk,RU,45.4794,133.4244,68.76,86,3,4.03,clear sky
364,Cozumel,MX,20.5083,-86.9458,89.58,69,40,5.01,scattered clouds
365,Vendome,FR,47.8,1.0667,73.02,56,73,7.67,broken clouds
366,Puerto Ayacucho,VE,5.6639,-67.6236,79.86,81,97,4.7,overcast clouds
367,Kutum,SD,14.2,24.6667,83.98,44,32,8.75,scattered clouds
368,Khanpur,PK,28.6453,70.6567,100.11,35,84,21.23,broken clouds
369,Andenes,NO,69.3143,16.1194,49.06,81,75,10.36,broken clouds
370,Tamandare,BR,-8.7597,-35.1047,77.32,74,20,17.27,few clouds
371,San Luis,AR,-33.295,-66.3356,65.26,19,0,11.43,clear sky
372,Fare,PF,-16.7,-151.0167,76.6,68,76,12.39,broken clouds
373,Zhanaozen,KZ,43.3,52.8,89.04,18,3,7.76,clear sky
374,Vung Tau,VN,10.346,107.0843,80.8,82,68,17.16,broken clouds
375,Poum,NC,-20.2333,164.0167,67.86,59,14,15.08,few clouds
376,Hudiksvall,SE,61.729,17.1036,57.52,78,99,4.7,overcast clouds
377,Arman,RU,59.7,150.1667,45.55,63,20,16.37,few clouds
378,Pleszew,PL,51.8964,17.7855,58.5,94,100,5.66,overcast clouds
379,Liverpool,GB,53.4106,-2.9779,67.77,65,40,7.0,scattered clouds
380,Mogadishu,SO,2.0371,45.3438,75.96,85,99,20.56,light rain
381,Bonavista,CA,48.6499,-53.1147,71.6,66,68,17.69,broken clouds
382,Grindavik,IS,63.8424,-22.4338,59.56,94,75,2.3,broken clouds
383,Brigantine,US,39.4101,-74.3646,78.01,63,40,12.66,scattered clouds
384,Goderich,CA,43.7501,-81.7165,69.03,77,50,6.91,scattered clouds
385,Barcelona,ES,41.3888,2.159,83.35,55,20,1.99,few clouds
386,Gallup,US,35.5281,-108.7426,76.84,46,90,3.0,overcast clouds
387,Owando,CG,-0.4819,15.8999,81.7,45,100,2.04,overcast clouds
388,Makakilo City,US,21.3469,-158.0858,79.12,63,1,4.61,clear sky
389,Maymyo,MM,22.0333,96.4667,67.39,96,97,3.09,overcast clouds
390,Fallon,US,39.4735,-118.7774,79.45,50,1,5.75,clear sky
391,Port Lincoln,AU,-34.7333,135.8667,51.93,49,3,21.03,clear sky
392,Lasa,IT,46.6166,10.7002,59.88,98,100,6.87,light rain
393,Kahului,US,20.8947,-156.47,76.26,75,20,13.8,few clouds
394,Suntar,RU,62.1444,117.6319,62.78,58,100,4.92,overcast clouds
395,Izhma,RU,65.0083,53.9113,54.52,96,73,4.47,broken clouds
396,Sarkand,KZ,45.41,79.9186,67.14,16,0,8.3,clear sky
397,Margate,GB,51.3813,1.3862,64.85,89,64,1.99,light rain
398,Troitskoye,RU,52.9821,84.6757,62.71,61,39,6.78,scattered clouds
399,Balkhash,KZ,46.844,74.9804,79.97,32,6,8.46,clear sky
400,Boa Viagem,BR,-5.1275,-39.7322,84.52,41,81,12.33,broken clouds
401,Aransas Pass,US,27.9095,-97.15,95.23,73,1,8.01,clear sky
402,Taoudenni,ML,22.6783,-3.9836,110.08,14,29,15.99,scattered clouds
403,Nome,US,64.5011,-165.4064,48.27,87,90,8.05,light rain
404,Inirida,CO,3.8653,-67.9239,76.33,94,97,4.07,overcast clouds
405,Scarborough,GB,54.2797,-0.4044,64.06,72,28,5.01,scattered clouds
406,Seoul,KR,37.5683,126.9778,76.6,91,75,3.44,broken clouds
407,Russell,US,32.3502,-85.1999,92.48,58,20,6.91,few clouds
408,Ondjiva,AO,-17.0667,15.7333,66.56,23,0,5.26,clear sky
409,Aktas,KZ,49.7789,72.9608,65.95,47,7,4.29,clear sky
410,Ostrovnoy,RU,68.0531,39.5131,51.06,78,36,7.25,scattered clouds
411,Miraflores,MX,19.2167,-98.8083,70.03,57,21,2.15,few clouds
412,Waipawa,NZ,-41.4122,175.5153,42.3,91,99,2.98,overcast clouds
413,Anadyr,RU,64.75,177.4833,43.3,86,20,1.99,few clouds
414,Avera,US,33.194,-82.5271,95.92,36,44,12.8,scattered clouds
415,Joshimath,IN,30.5667,79.5667,71.74,90,84,1.34,broken clouds
416,Pirmasens,DE,49.2015,7.6053,67.23,88,77,6.73,broken clouds
417,Souillac,MU,-20.5167,57.5167,71.98,68,75,17.27,light rain
418,Lyubech,UA,51.7026,30.6569,74.12,70,39,4.27,scattered clouds
419,Bam,IR,29.106,58.357,93.18,12,8,11.99,clear sky
420,Huaiyin,CN,33.5886,119.0192,76.08,93,24,4.7,light rain
421,Mount Isa,AU,-20.7333,139.5,64.17,48,48,0.0,scattered clouds
422,Constitucion,CL,-35.3333,-72.4167,63.1,47,1,7.67,clear sky
423,Port Macquarie,AU,-31.4333,152.9167,58.89,76,35,11.92,scattered clouds
424,Turiacu,BR,-1.6633,-45.3717,83.03,65,56,2.55,broken clouds
425,Half Moon Bay,US,37.4636,-122.4286,77.05,72,40,1.01,scattered clouds
426,Husavik,IS,66.0449,-17.3389,58.91,66,97,5.12,overcast clouds
427,Lar,IN,26.2039,83.9717,80.91,84,68,5.01,broken clouds
428,Gaildorf,DE,49.0003,9.7695,65.88,82,40,2.3,scattered clouds
429,Aitape,PG,-3.1374,142.3475,77.36,89,47,6.53,scattered clouds
430,Omsukchan,RU,62.5333,155.8,33.82,99,100,7.02,light rain
431,Monteprandone,IT,42.9201,13.8426,92.89,37,89,6.51,overcast clouds
432,Asau,RO,46.4333,26.4,81.52,74,0,2.77,clear sky
433,Batangafo,CF,7.3008,18.2833,70.93,97,100,3.04,overcast clouds
434,Portland,US,45.5234,-122.6762,82.62,60,40,4.61,scattered clouds
435,Neiafu,TO,-18.65,-173.9833,75.88,69,20,13.8,few clouds
436,Te Anau,NZ,-45.4167,167.7167,41.47,94,61,2.64,broken clouds
437,Moyobamba,PE,-6.05,-76.9667,71.01,89,93,2.13,overcast clouds
438,Fortuna,US,40.5982,-124.1573,63.52,88,1,5.75,clear sky
439,Kaliua,TZ,-5.0606,31.7936,70.83,34,9,2.64,clear sky
440,Subtanjalla,PE,-14.0189,-75.7581,62.08,31,0,3.76,clear sky
441,Turinskaya Sloboda,RU,57.6232,64.3858,65.3,85,25,9.26,light rain
442,Kashira,RU,54.8444,38.1669,71.94,84,86,3.38,overcast clouds
443,Boone,US,39.0334,-92.3335,83.66,67,1,1.01,clear sky
444,Foster,US,41.8537,-71.7581,78.26,61,34,8.68,scattered clouds
445,Maningrida,AU,-12.0667,134.2667,69.64,92,24,7.34,few clouds
446,Luganville,VU,-15.5333,167.1667,68.95,68,64,5.41,broken clouds
447,Dera Bugti,PK,29.0307,69.151,96.28,32,69,6.58,broken clouds
448,Dukat,RU,62.55,155.55,31.78,98,100,5.14,snow
449,Sant Julia De Loria,AD,42.4625,1.4825,69.06,58,40,10.36,scattered clouds
450,San Patricio,US,28.017,-97.5169,96.03,39,71,9.64,broken clouds
451,Acajutla,SV,13.5928,-89.8275,93.54,58,78,7.7,broken clouds
452,Pouebo,NC,-20.4,164.5667,60.98,66,16,4.7,few clouds
453,Aramecina,HN,13.7422,-87.7103,92.19,30,39,4.99,scattered clouds
454,Polyarnyy,RU,69.1989,33.4478,61.27,75,83,10.33,broken clouds
455,Netarhat,IN,23.4833,84.2667,67.6,96,88,4.32,overcast clouds
456,Campbell River,CA,50.0163,-125.2446,73.6,56,40,4.61,scattered clouds
457,Soe,ID,-9.8607,124.284,63.77,90,57,2.86,broken clouds
458,Kadoma,JP,34.7333,135.5833,82.38,94,56,0.51,broken clouds
459,Dubbo,AU,-32.25,148.6167,37.53,93,0,8.05,clear sky
460,Boende,CD,-0.2167,20.8667,83.34,48,96,3.67,overcast clouds
461,Arzamas,RU,55.3949,43.8399,67.44,63,71,5.39,broken clouds
462,Gigmoto,PH,13.7796,124.39,81.16,84,100,7.83,overcast clouds
463,Awbari,LY,26.5921,12.7805,96.46,8,0,7.87,clear sky
464,Tupik,RU,54.4253,119.9327,48.76,98,100,3.0,light rain
465,Parakou,BJ,9.3372,2.6303,74.03,90,85,5.48,moderate rain
466,Hobyo,SO,5.3505,48.5268,79.09,77,63,22.35,broken clouds
467,Muros,ES,42.7762,-9.0603,66.99,92,96,1.34,overcast clouds
468,Nokaneng,BW,-19.6667,22.2667,63.28,32,0,7.49,clear sky
469,Pochutla,MX,15.7432,-96.4661,87.62,57,70,5.88,broken clouds
470,Birjand,IR,32.8663,59.2211,79.27,9,0,11.5,clear sky
471,Nemuro,JP,43.3236,145.575,64.9,99,100,11.23,overcast clouds
472,Port Hardy,CA,50.6996,-127.4199,60.98,94,90,3.44,mist
473,Sao Jose Da Coroa Grande,BR,-8.8978,-35.1478,77.13,75,15,17.54,few clouds
474,Necochea,AR,-38.5473,-58.7368,56.03,48,1,0.65,clear sky
475,Bonthe,SL,7.5264,-12.505,77.49,83,100,11.39,light rain
476,San Lorenzo,PY,-25.3333,-57.5333,72.59,33,0,5.99,clear sky
477,Emerald,AU,-23.5333,148.1667,59.14,94,1,4.61,clear sky
478,Talnakh,RU,69.4865,88.3972,50.95,94,88,5.82,overcast clouds
479,Aksu,CN,41.1231,80.2644,80.83,15,100,3.69,overcast clouds
480,Eyl,SO,7.9803,49.8164,86.36,50,97,26.91,overcast clouds
481,Ylojarvi,FI,61.5563,23.5961,64.31,88,20,3.44,few clouds
482,Liku,ID,-0.7275,119.8922,75.43,92,69,2.68,broken clouds
483,Paamiut,GL,61.994,-49.6678,48.61,85,100,3.76,light rain
484,Manokwari,ID,-0.8667,134.0833,77.95,83,49,2.57,scattered clouds
485,Saint-Denis,FR,48.9167,2.3333,75.24,49,40,6.91,scattered clouds
486,Sechura,PE,-5.5569,-80.8222,76.5,57,0,12.86,clear sky
487,Yuli,NG,9.6989,10.2744,76.68,80,90,4.07,overcast clouds
488,Geri,CY,35.1,33.4167,91.18,45,0,14.97,clear sky
489,Touros,BR,-5.1989,-35.4608,86.9,61,41,22.39,scattered clouds
490,Goure,NE,13.9835,10.2704,88.02,38,99,5.73,overcast clouds
491,Verkhnyaya Toyma,RU,62.2349,44.9985,61.48,82,93,4.61,overcast clouds
492,Wuchi,CN,29.3786,103.023,61.09,89,0,3.06,clear sky
493,Saint-Joseph,RE,-21.3667,55.6167,66.58,73,36,12.26,scattered clouds
494,Tiarei,PF,-17.5333,-149.3333,71.62,62,51,9.42,broken clouds
495,Ozark,US,37.0209,-93.206,78.96,79,77,1.01,broken clouds
496,Americus,US,32.0724,-84.2327,94.05,70,51,1.01,broken clouds
497,Kaseda,JP,31.4167,130.3167,77.85,84,93,5.91,overcast clouds
498,Machinga,MW,-15.1685,35.3,64.08,57,80,4.36,broken clouds
499,Douentza,ML,14.9951,-2.9517,93.25,38,41,9.44,scattered clouds
500,Kiruna,SE,67.8557,20.2251,47.32,71,75,8.05,broken clouds
501,Naryan-Mar,RU,67.6713,53.087,51.55,85,88,9.8,overcast clouds
502,Houma,US,29.5958,-90.7195,93.0,68,54,4.0,broken clouds
503,Turukhansk,RU,65.8167,87.9833,54.3,87,25,6.51,scattered clouds
504,Serenje,ZM,-13.2325,30.2352,59.23,65,93,9.37,overcast clouds
505,Villamontes,BO,-21.25,-63.5,77.16,18,91,9.1,overcast clouds
506,Fuzhou,CN,26.0614,119.3061,80.49,98,100,1.86,overcast clouds
507,Rawson,AR,-43.3002,-65.1023,64.02,27,12,11.74,few clouds
508,Bernay,FR,49.1667,0.6667,68.07,73,52,7.0,broken clouds
509,Beatrice,US,40.2681,-96.747,81.86,47,1,16.11,haze
510,Yucca Valley,US,34.1142,-116.4322,92.89,26,3,5.01,clear sky
511,Kijang,KR,35.2442,129.2139,82.13,85,91,2.46,overcast clouds
512,Balud,PH,10.1476,123.6953,82.36,80,100,8.43,overcast clouds
513,Uhlirske Janovice,CZ,49.8802,15.0648,65.08,81,83,6.46,broken clouds
514,Hay River,CA,60.8156,-115.7999,78.78,50,75,1.14,broken clouds
515,High Level,CA,58.5169,-117.136,78.91,61,1,0.0,smoke
516,Kandalaksha,RU,67.162,32.4123,63.14,88,85,7.4,overcast clouds
517,Shumskiy,RU,54.8318,99.1328,54.63,99,100,3.91,light rain
518,Helong,CN,42.5397,128.9972,69.01,99,81,1.95,light rain
519,Kholm-Zhirkovskiy,RU,55.5189,33.4731,65.07,92,83,7.25,broken clouds
520,Latung,PH,5.5,120.8833,83.89,77,43,10.45,scattered clouds
521,Mackay,AU,-21.15,149.2,65.68,100,75,0.0,broken clouds
522,Marsaxlokk,MT,35.8419,14.5431,95.61,21,0,4.61,clear sky
523,Ottumwa,US,41.02,-92.4113,81.28,64,1,1.99,haze
524,Pueblo Nuevo,MX,23.3833,-105.3833,76.48,48,14,5.3,few clouds
525,Duluth,US,46.7833,-92.1066,73.54,49,75,1.99,broken clouds
526,Ambilobe,MG,-13.2,49.05,70.66,77,0,4.0,clear sky
527,Palmer,US,42.1584,-72.3287,79.97,55,75,5.01,broken clouds
528,Ambanja,MG,-13.6833,48.45,70.25,77,0,1.34,clear sky
529,Sosnogorsk,RU,63.6023,53.8817,56.8,96,72,5.46,broken clouds
530,Laguna,US,38.421,-121.4238,100.63,54,1,3.0,clear sky
531,Yamandu,SL,7.9362,-11.4928,73.29,97,98,4.63,moderate rain
532,Daru,PG,-9.0763,143.2092,75.61,76,36,14.74,scattered clouds
533,Weinan,CN,34.5036,109.5089,82.09,51,2,5.17,clear sky
534,Gazojak,TM,41.1875,61.4036,90.21,14,0,17.78,clear sky
535,Shasta Lake,US,40.6804,-122.3708,91.92,32,21,1.01,few clouds
536,Solnechnyy,RU,50.7214,136.6319,51.4,96,84,3.76,broken clouds
537,Hammerfest,NO,70.6634,23.6821,47.93,81,75,4.61,broken clouds
538,Zeya,RU,53.75,127.2667,56.05,99,100,4.52,light rain
539,Poronaysk,RU,49.2167,143.1167,55.56,80,84,1.45,broken clouds
540,Vamdrup,DK,55.4276,9.2844,62.06,67,58,13.8,broken clouds
541,Namatanai,PG,-3.6667,152.4333,77.99,84,31,5.77,light rain
542,Salou,ES,41.0766,1.1416,79.5,53,20,3.0,few clouds
543,Bac Lieu,VN,9.285,105.7244,79.61,87,63,9.48,broken clouds
544,Marsh Harbour,BS,26.5412,-77.0636,85.28,69,9,7.99,clear sky
545,Deputatskiy,RU,69.3,139.9,35.82,90,12,3.18,few clouds
546,Porbandar,IN,21.6422,69.6093,81.91,82,100,19.62,overcast clouds
547,Itarema,BR,-2.9248,-39.9167,85.66,55,82,17.0,broken clouds
548,Ekhabi,RU,53.5102,142.9671,47.43,90,57,6.58,broken clouds
549,Sao Gabriel Da Cachoeira,BR,-0.1303,-67.0892,78.6,73,40,9.22,scattered clouds
550,Praia Da Vitoria,PT,38.7333,-27.0667,78.76,94,75,18.57,light intensity drizzle
551,Salinopolis,BR,-0.6136,-47.3561,83.34,69,32,10.54,scattered clouds
552,Kipini,KE,-2.5257,40.5262,75.49,80,97,17.98,overcast clouds
553,Dabola,GN,10.75,-11.1167,72.81,94,100,1.95,light rain
554,Tocopilla,CL,-22.092,-70.1979,66.69,64,53,6.55,broken clouds
555,North Bend,US,43.4065,-124.2243,67.86,91,90,8.05,overcast clouds
556,Menongue,AO,-14.6585,17.691,62.42,28,0,5.35,clear sky
557,Sokolo,ML,14.7328,-6.1219,90.84,43,83,6.82,broken clouds
558,Halapitan,PH,7.9175,125.33,71.33,96,99,2.24,overcast clouds
559,Emba,KZ,48.8264,58.1442,84.42,26,23,9.35,few clouds
560,Sobolevo,RU,54.4299,31.8996,68.5,79,83,3.83,broken clouds
561,Fecamp,FR,49.7579,0.3746,69.69,77,30,7.85,scattered clouds
562,Shakiso,ET,5.75,38.9167,61.02,71,99,1.77,overcast clouds
563,Nampula,MZ,-15.1165,39.2666,71.55,60,20,10.36,few clouds
564,Trebisov,SK,48.6286,21.7195,71.62,83,62,1.92,broken clouds
565,Iquitos,PE,-3.7481,-73.2472,82.44,61,75,3.44,broken clouds
566,Vilyuysk,RU,63.7553,121.6247,63.57,59,81,4.03,broken clouds
567,Paita,PE,-5.0892,-81.1144,75.76,69,0,15.64,clear sky
568,Naples,IT,40.8333,14.25,90.75,65,0,1.01,clear sky
569,Wanning,CN,18.8003,110.3967,80.91,88,100,6.89,overcast clouds
570,Qasigiannguit,GL,68.8193,-51.1922,59.25,57,36,3.91,scattered clouds
571,Kristiansund,NO,63.1115,7.732,53.65,66,75,10.36,broken clouds
572,Nola,IT,40.922,14.5329,90.55,48,3,5.01,clear sky
573,Ilhabela,BR,-23.7781,-45.3581,67.03,69,94,8.34,overcast clouds
574,Pachino,IT,36.7186,15.0907,95.59,55,0,12.8,clear sky
575,Aksarka,RU,66.5606,67.7975,54.95,97,100,7.45,overcast clouds
576,Mawlaik,MM,23.6333,94.4167,76.28,100,100,1.14,overcast clouds
577,Umm Lajj,SA,25.0213,37.2685,89.33,53,2,3.6,clear sky
578,Gweta,BW,-20.1833,25.2333,64.92,37,0,8.97,clear sky
579,Hasaki,JP,35.7333,140.8333,77.4,89,1,6.91,clear sky
580,Mindelo,CV,16.8901,-24.9804,81.95,57,40,19.57,scattered clouds
581,Belyy Yar,RU,53.6039,91.3903,62.49,77,0,2.24,clear sky
582,Sungaipenuh,ID,-2.0833,101.3833,62.1,98,86,1.79,overcast clouds
583,Orcopampa,PE,-15.2661,-72.3417,58.89,23,14,11.54,few clouds
584,Fonte Boa,BR,-2.4959,-66.2662,82.49,55,39,2.1,scattered clouds
585,Dunedin,NZ,-45.8742,170.5036,50.81,81,85,11.99,overcast clouds
586,Podor,MR,16.6527,-14.9587,102.15,30,20,2.3,few clouds
587,Moron,AR,-34.6534,-58.6198,62.8,47,0,2.04,clear sky
588,Wenling,CN,28.3669,121.36,80.91,89,100,4.14,overcast clouds
589,Broken Hill,AU,-31.95,141.4333,44.31,87,0,8.05,clear sky
590,Soligalich,RU,59.0778,42.2864,64.22,81,99,8.63,overcast clouds
591,Itaocara,BR,-21.6692,-42.0761,74.68,37,46,5.01,scattered clouds
592,Tura,IN,25.5198,90.2201,74.71,99,91,4.99,overcast clouds
593,Manicore,BR,-5.8092,-61.3003,96.84,21,40,5.35,scattered clouds
594,Sai Buri,TH,6.7013,101.6168,77.81,89,99,6.6,overcast clouds
595,Takoradi,GH,4.8845,-1.7554,77.99,80,86,9.93,overcast clouds
596,Barcelos,PT,41.5388,-8.6151,66.85,84,98,3.58,overcast clouds
597,Novyye Burasy,RU,52.1324,46.0714,80.94,49,54,4.59,broken clouds
598,Progreso,MX,21.2833,-89.6667,89.71,60,63,12.93,broken clouds
599,Buchanan,LR,5.8808,-10.0467,80.56,76,92,9.91,overcast clouds
600,Santa Maria Del Oro,MX,25.9333,-105.3667,80.98,41,38,13.11,scattered clouds
601,Sept-Iles,CA,50.2001,-66.3821,68.52,57,75,8.99,broken clouds
602,Mount Gambier,AU,-37.8333,140.7667,42.71,93,39,8.05,scattered clouds
603,Samarai,PG,-10.6167,150.6667,75.24,70,89,8.05,overcast clouds
604,Jinxi,CN,30.4323,116.2922,79.84,82,0,3.76,clear sky
605,Chicama,PE,-7.8447,-79.1469,64.94,58,28,10.56,scattered clouds
606,San Cristobal,VE,7.7669,-72.225,82.58,54,52,9.93,broken clouds
607,Vallenar,CL,-28.5708,-70.7581,85.82,8,0,4.47,clear sky
608,Kyaukse,MM,21.6,96.1333,79.27,82,100,9.06,overcast clouds
609,Jever,DE,53.5833,7.9,66.02,67,40,12.66,scattered clouds
610,Simiti,CO,7.9579,-73.9436,94.37,52,21,3.85,few clouds
611,Zunyi,CN,27.6867,106.9072,72.93,80,58,2.06,broken clouds
612,Malard,IR,35.6659,50.9767,89.78,53,40,21.85,scattered clouds
613,San Lazaro,BZ,18.0387,-88.6622,89.31,71,91,8.7,overcast clouds
614,Churapcha,RU,62.0025,132.4325,59.32,43,73,7.14,broken clouds
615,Roma,US,43.2128,-75.4557,72.52,89,90,0.0,moderate rain
616,Egra,CZ,50.0796,12.3739,66.06,80,100,5.7,overcast clouds
617,Chemax,MX,20.65,-87.9333,96.58,38,54,6.2,broken clouds
618,Yei,SS,4.095,30.6779,68.97,83,95,1.23,overcast clouds
619,Sumbe,AO,-11.2061,13.8437,71.69,86,4,5.61,clear sky
620,Capitao Poco,BR,-1.7464,-47.0594,86.81,59,49,3.87,scattered clouds
621,Northam,GB,51.0333,-4.2167,67.71,83,50,10.89,scattered clouds
622,Mo I Rana,NO,66.3128,14.1428,53.33,63,75,1.99,broken clouds
623,Iquique,CL,-20.2208,-70.1431,60.84,71,85,6.93,overcast clouds
624,Nuevo Progreso,MX,23.1667,-97.95,91.6,48,7,1.99,clear sky
625,Marawi,PH,7.9986,124.2928,72.64,94,92,3.49,overcast clouds
626,Kuryk,KZ,43.2,51.65,86.31,31,0,8.12,clear sky
627,Acarau,BR,-2.8856,-40.12,87.31,52,78,16.24,broken clouds
628,Zabaykalsk,RU,49.6333,117.3167,55.47,71,2,4.63,clear sky
629,Najran,SA,17.4924,44.1277,93.85,23,98,6.76,overcast clouds
630,Kalanguy,RU,51.0167,116.5167,52.66,76,59,2.86,broken clouds
631,Udachnyy,RU,66.4167,112.4,64.08,43,4,2.59,clear sky
632,Brae,GB,60.3964,-1.353,51.71,78,92,15.55,overcast clouds
633,Beloha,MG,-25.1667,45.05,68.32,69,0,11.1,clear sky
634,Lorengau,PG,-2.0226,147.2712,81.64,78,24,9.44,few clouds
635,Haicheng,CN,40.8516,122.7475,69.15,98,96,6.44,light rain
636,Noo,EE,58.2756,26.5375,68.04,56,35,8.05,scattered clouds
637,Cowra,AU,-33.8333,148.6833,37.09,94,0,3.15,clear sky
638,College,US,64.8569,-147.8028,65.41,74,75,3.44,broken clouds
639,Kavaratti,IN,10.5669,72.642,82.38,77,88,14.81,overcast clouds
640,Domoni,KM,-12.2569,44.5319,74.08,80,15,6.29,few clouds
641,Juneau,US,58.3019,-134.4197,66.85,85,20,1.01,few clouds
642,Korla,CN,41.7597,86.1469,78.84,16,95,4.21,overcast clouds
643,Puerto Penasco,MX,31.3167,-113.5333,88.92,71,91,5.01,overcast clouds
644,Kidodi,TZ,-7.6036,37.0044,69.35,71,53,1.86,broken clouds
645,Udgir,IN,18.3833,77.1167,74.1,76,99,15.14,overcast clouds
646,Bambanglipuro,ID,-7.95,110.2833,75.85,83,65,8.59,broken clouds
647,Vinukonda,IN,16.05,79.75,87.1,49,34,11.59,scattered clouds
648,Magadan,RU,59.5667,150.8,45.46,65,30,12.73,scattered clouds
649,Christchurch,NZ,-43.5333,172.6333,51.91,82,90,7.0,overcast clouds
650,Oberwart,AT,47.2897,16.206,65.43,93,67,4.43,light rain
651,Sampit,ID,-2.5333,112.95,73.24,97,66,1.3,broken clouds
652,Dalvik,IS,65.9702,-18.5286,58.93,74,100,1.63,overcast clouds
653,Davila,PH,18.4726,120.5763,80.76,88,100,23.58,overcast clouds
654,Teixeira,BR,-7.2228,-37.2542,76.01,49,95,11.52,overcast clouds
655,Nicoya,CR,10.1483,-85.452,89.15,72,49,5.95,scattered clouds
656,Salta,AR,-24.7859,-65.4117,66.79,26,0,7.0,clear sky
657,Cortes,ES,41.9395,-1.4396,80.6,31,61,16.37,broken clouds
658,Los Llanos De Aridane,ES,28.6585,-17.9182,73.13,78,75,18.41,broken clouds
659,Coahuayana,MX,18.7333,-103.6833,92.68,57,19,2.44,few clouds
660,Maragogi,BR,-9.0122,-35.2225,76.84,76,13,16.87,few clouds
661,Chongwe,ZM,-15.3292,28.682,59.32,62,67,4.94,broken clouds
662,Hofn,IS,64.2539,-15.2082,54.36,94,98,5.97,overcast clouds
663,Hasilpur,PK,29.7122,72.5553,89.13,58,92,18.86,overcast clouds
664,Goya,AR,-29.14,-59.2626,70.3,31,0,4.88,clear sky
665,Irece,BR,-11.3042,-41.8558,79.34,33,88,17.18,overcast clouds
666,Shepsi,RU,44.0361,39.1489,78.28,77,0,4.29,clear sky
667,Greeneville,US,36.1632,-82.831,82.22,87,90,6.91,overcast clouds
668,Omurtag,BG,43.1,26.4167,80.55,44,3,6.89,clear sky
669,Calama,CL,-22.4667,-68.9333,70.29,14,16,21.85,few clouds
670,Chake Chake,TZ,-5.2459,39.7666,74.19,82,43,14.03,scattered clouds
671,Nipawin,CA,53.3668,-104.0009,80.64,36,1,3.44,clear sky
672,Codajas,BR,-3.8367,-62.0569,94.78,27,42,4.76,scattered clouds
673,Kota Belud,MY,6.351,116.4305,76.86,82,92,4.9,overcast clouds
674,Sorland,NO,67.667,12.6934,49.86,73,51,12.97,broken clouds
675,Kiunga,PG,-6.1219,141.2906,73.2,95,89,2.64,overcast clouds
676,Tezu,IN,27.9167,96.1667,76.6,91,13,3.65,few clouds
677,Santa Cruz De Tenerife,ES,28.4682,-16.2546,79.02,78,40,13.0,scattered clouds
678,Smithers,CA,54.7804,-127.1743,70.12,56,40,2.3,scattered clouds
679,Merano,IT,46.6682,11.1595,66.52,89,100,5.48,light rain
680,Vestmanna,FO,62.1564,-7.1664,47.32,81,90,9.22,overcast clouds
681,Byron Bay,AU,-28.65,153.6167,62.87,82,19,9.8,few clouds
682,Pandan,PH,14.0453,124.1694,82.72,79,100,12.46,overcast clouds
683,Imbituba,BR,-28.24,-48.6703,67.82,71,73,14.97,broken clouds
684,Brownwood,US,31.7093,-98.9912,92.28,51,93,3.53,overcast clouds
685,Sturgis,US,41.7992,-85.4192,75.67,31,40,14.97,scattered clouds
686,Zharkent,KZ,44.1628,80.0,73.81,21,21,5.59,few clouds
687,Madona,LV,56.8533,26.217,64.08,76,99,6.51,overcast clouds
688,Caravelas,BR,-17.7125,-39.2481,71.96,53,99,10.51,overcast clouds
689,Iracoubo,GF,5.4802,-53.2011,82.24,77,12,9.95,few clouds
690,Kodinsk,RU,58.6881,99.1844,55.51,99,100,4.54,light rain
691,Vanavara,RU,60.34,102.2797,57.16,58,85,5.12,overcast clouds
692,Miri,MY,4.4148,114.0089,78.94,89,40,3.44,light rain
